,neighborhood name,property type,price,size,number of bedrooms,number of bathrooms,description,neighborhood description
0,sunshine bay,condo,"$300,000",900 sq ft,2,1,"this charming 2 bedroom, 1 bathroom condo in sunshine bay offers a cozy living space with an open floor plan, updated kitchen, and stunning views of the bay. perfect for first-time homebuyers or those looking to downsize.","sunshine bay is a picturesque waterfront community known for its sandy beaches, waterfront dining, and lively boardwalk. residents can enjoy boating, fishing, and outdoor activities year-round."
1,willow creek heights,apartment,"$300,000","1,000 square feet",2,2,"this spacious and modern apartment in willow creek heights offers stunning views of the surrounding mountains and cityscape. the open floor plan allows for plenty of natural light, while the updated kitchen features stainless steel appliances and granite countertops. the master bedroom includes a walk-in closet and en-suite bathroom, perfect for relaxing after a long day. additionally, the apartment comes with a private balcony to enjoy your morning coffee or evening sunsets.","willow creek heights is a charming neighborhood known for its tree-lined streets, family-friendly atmosphere, and proximity to parks and hiking trails. residents enjoy easy access to shopping centers, restaurants, and top-rated schools, making it the ideal place to call home."
2,sunset valley heights,house,"$500,000","2,500 sq ft",4,3,"this charming two-story house in sunset valley heights offers a perfect blend of modern amenities and classic design. the spacious open-concept living area is perfect for entertaining, while the cozy bedrooms provide a peaceful retreat. the backyard features a beautiful garden and patio, ideal for enjoying the stunning sunset views.","sunset valley heights is a peaceful and family-friendly neighborhood nestled in the hills, offering a sense of tranquility and serenity. residents enjoy easy access to hiking trails, community parks, and top-rated schools."
3,rolling hills estates,ranch,"$1,200,000",10 acres,4,3,"this sprawling ranch offers the perfect country retreat with a spacious farmhouse-style home, barn, and fenced pastures. the property is ideal for horse lovers or those seeking a peaceful rural lifestyle.","rolling hills estates is a picturesque community nestled in the countryside, known for its rolling hills, lush greenery, and charming small-town atmosphere. residents enjoy a slower pace of life and plenty of outdoor activities such as hiking, fishing, and horseback riding."
4,serenity heights,mansion,"$5,000,000","10,000 square feet",6,8,"this luxurious mansion is the epitome of elegance and sophistication. featuring grand staircases, floor-to-ceiling windows, a gourmet kitchen, a home theater, a wine cellar, and a sprawling backyard with a pool and tennis court, this property offers the ultimate in opulent living.","serenity heights is an exclusive gated community known for its prestigious residents, manicured lawns, and panoramic views of the city skyline. enjoy privacy and tranquility in this upscale neighborhood, while still being just a short drive away from the best shopping, dining, and entertainment options in the city."
5,ocean breeze heights,condo,"$350,000","1,200 sqft",2,2,"this modern condo in ocean breeze heights offers a serene coastal living experience with stunning ocean views. the unit features an open floor plan, gourmet kitchen, spacious bedrooms, and a private balcony perfect for enjoying sunsets. amenities include a pool, fitness center, and easy access to the beach.","ocean breeze heights is a vibrant seaside community known for its sandy beaches, trendy cafes, and upscale boutiques. residents enjoy a laid-back lifestyle with plenty of outdoor recreational activities and a close-knit community atmosphere."
6,sunny shores,apartment,"$300,000",900 sqft,2,1,"this charming apartment in sunny shores is perfect for those looking for a cozy coastal retreat. with 2 bedrooms, 1 bathroom, and a spacious living area, this unit is ideal for a small family or couple. enjoy the ocean views from your balcony and take a short walk to the beach for some sun and surf.","sunny shores is a picturesque beach community with sandy shores, quaint shops, and delicious seafood restaurants. residents can enjoy outdoor activities like swimming, surfing, and beach volleyball, making it the perfect location for those who love the sun and sea."
7,serenity valley,house,"$500,000","2,500 sq. ft.",4,3,"this charming house in serenity valley offers the perfect blend of modern amenities and cozy comfort. featuring a spacious open floor plan, gourmet kitchen, luxurious master suite, and a beautifully landscaped backyard, this home is perfect for entertaining or relaxing with family.","serenity valley is a peaceful and family-friendly neighborhood, known for its scenic views, friendly community atmosphere, and convenient location near top-rated schools and parks."
8,sunset valley ranch,ranch,"$1,200,000",10 acres,3,2,"this charming ranch features a spacious farmhouse with a wrap-around porch, a barn, and sprawling pastures perfect for horses or livestock. the interior boasts a cozy living room with a stone fireplace, a gourmet kitchen, and a master suite with a private deck overlooking the scenic landscape.","sunset valley ranch is a peaceful countryside community where residents enjoy wide-open spaces, stunning sunsets, and a close-knit agricultural lifestyle. with easy access to hiking trails, fishing ponds, and local farmers markets, this ranch is a nature lover's dream."
9,serene pines estates,mansion,"$5,000,000","10,000 sqft",6,8,"luxurious mansion nestled in the exclusive serene pines estates. this grand estate boasts high ceilings, expansive windows offering breathtaking views of the surrounding mountains, a gourmet kitchen, elegant formal dining room, and a master suite fit for royalty. the outdoor oasis features a sparkling pool, lush landscaping, and multiple entertaining areas.","serene pines estates is a prestigious and private neighborhood known for its luxury homes, sprawling estates, and tranquility. residents enjoy access to top-rated schools, exclusive country clubs, and upscale shopping and dining options."
10,serene haven estates,condo,"$300,000","1,200 sq ft",2,2,"welcome to this cozy condo in the heart of serene haven estates! this charming unit features an open concept layout, modern kitchen with granite countertops, spacious bedrooms, and a private balcony overlooking the lush greenery. perfect for first-time homebuyers or those looking to downsize.","serene haven estates is a peaceful and family-friendly community with tree-lined streets, walking paths, and a community park. residents enjoy easy access to shopping, dining, and entertainment options nearby."
11,serenity springs,apartment,"$300,000","1,200 sq ft",2,2,"this stunning apartment in the serenity springs neighborhood offers a modern open concept layout with beautiful hardwood floors, a spacious kitchen with stainless steel appliances, and a cozy living room with a fireplace. the master bedroom features a walk-in closet and en-suite bathroom with a luxurious soaking tub. enjoy the convenience of a private balcony overlooking the serene community gardens.","serenity springs is a peaceful and family-friendly neighborhood with tree-lined streets, a community park, and nearby walking trails. residents can enjoy easy access to shopping, dining, and entertainment options, making it a highly desirable place to call home."
12,willow grove estates,house,"$500,000","2,500 sq ft",4,2.5,"this charming two-story house features a spacious living room with a cozy fireplace, a gourmet kitchen with stainless steel appliances, a master suite with a walk-in closet, and a backyard patio perfect for entertaining. the open floor plan and natural light make this home warm and inviting.","willow grove estates is a family-friendly neighborhood with tree-lined streets, a community park, and top-rated schools nearby. enjoy the convenience of shopping and dining options just a short drive away, while still having the tranquility of suburban living."
13,sunset valley ranch,ranch,"$950,000",10 acres,4,3,"this beautifully maintained ranch offers the perfect blend of rustic charm and modern amenities. the spacious main house features a cozy fireplace, gourmet kitchen, and stunning views of the surrounding rolling hills. additionally, there is a separate guest house, barn, and paddocks for horses. enjoy peaceful country living just a short drive from the city.","sunset valley ranch is a serene and picturesque neighborhood filled with sprawling fields, majestic oak trees, and friendly neighbors. residents enjoy a close-knit community atmosphere and easy access to hiking trails and horseback riding."
14,willow creek estates,mansion,"$5,000,000","10,000 square feet",6,8,"this luxurious mansion exudes elegance and grandeur at every turn. featuring high ceilings, marble floors, a gourmet kitchen, a home theater, a gym, and a sparkling pool, this estate is perfect for entertaining guests or enjoying a quiet night in. the master suite boasts a private terrace with breathtaking views of the surrounding mountains.","nestled in the prestigious willow creek estates, this neighborhood offers privacy and tranquility within a gated community. surrounded by lush greenery and stunning views, residents can enjoy peaceful walks through the manicured grounds or take advantage of the nearby country club amenities."
15,sunset harbor heights,condo,"$350,000",800 sqft,2,1,"this modern and cozy condo is perfect for a small family or young professionals looking for a stylish urban living space. featuring an open floor plan, updated kitchen with stainless steel appliances, and a balcony with stunning sunset views. the building offers amenities such as a swimming pool, fitness center, and covered parking.","sunset harbor heights is a vibrant and trendy neighborhood known for its waterfront dining, boutique shops, and lively nightlife. with easy access to the beach and popular attractions, this area is ideal for those who enjoy an active and social lifestyle."
16,serene haven heights,apartment,"$300,000",900 sq ft,2,2,"this modern and chic apartment offers a luxurious living experience with its open floor plan, sleek finishes, and stunning city views. the spacious bedrooms and updated bathrooms make it the perfect place to call home.","serene haven heights is known for its tree-lined streets, trendy cafes, and vibrant community atmosphere. residents can enjoy peaceful walks in the nearby park or explore the many shops and restaurants just steps away."
17,sunnywood estates,house,"$500,000","2,500 sqft",4,3,"this charming 4-bedroom, 3-bathroom house in sunnywood estates is the perfect blend of modern upgrades and classic charm. featuring a spacious living room with a cozy fireplace, a gourmet kitchen with stainless steel appliances, and a backyard oasis with a sparkling pool and bbq area, this home is perfect for both relaxing and entertaining. the master suite offers a private retreat with a luxurious ensuite bathroom and walk-in closet. don't miss out on this beautiful property!","sunnywood estates is a family-friendly neighborhood known for its tree-lined streets, community parks, and top-rated schools. residents enjoy close proximity to shopping centers, restaurants, and outdoor recreation options. with a strong sense of community and an active neighborhood association, sunnywood estates is the ideal place to call home."
18,sunset hills ranch estates,ranch,"$1,200,000",10 acres,4,3,"this stunning ranch property features a spacious 4-bedroom, 3-bathroom home with a large open living area, gourmet kitchen, and beautiful views of the surrounding hills. the property also includes a barn with horse stalls, a riding arena, and plenty of room for gardening and outdoor activities.","sunset hills ranch estates is a peaceful and upscale neighborhood known for its large properties, rolling hills, and stunning sunset views. residents enjoy a rural lifestyle while still being close to shopping, dining, and entertainment options."
19,sunset heights estates,mansion,"$5,000,000","10,000 square feet",7,9,"this luxurious mansion boasts unparalleled views of the city skyline and mountains. with high-end finishes, a gourmet kitchen, multiple entertainment spaces, a home theater, and a spacious backyard with a pool and spa, this home is perfect for entertaining and living in unmatched style and sophistication.","sunset heights estates is an exclusive gated community known for its stunning views and prestigious residents. the neighborhood offers privacy and tranquility, while still being conveniently located near top rated schools, fine dining, upscale shopping, and outdoor recreation areas."
